species,radius_micron,concentration_cm^-3
sulfate,0.0009506783562450309,6.687482953376711e-07
sulfate,0.000977405562758178,9.435467349124968e-07
sulfate,0.0010048841733222365,1.3266431520792505e-06
sulfate,0.0010331353127804427,1.858809139397035e-06
sulfate,0.0010621806998762132,2.5954069033163663e-06
sulfate,0.0010920426639499524,3.6113209652968433e-06
sulfate,0.0011227441621052706,5.007450916380677e-06
sulfate,0.0011543087968578088,6.919222423774102e-06
sulfate,0.001186760834280242,9.527695339448945e-06
sulfate,0.0012201252226574058,1.3073997922890979e-05
sulfate,0.00125442761166589,1.7878000390040214e-05
sulfate,0.0012896943720928477,2.4362365504231317e-05
sulfate,0.0013259526161091707,3.3083385739163154e-05
sulfate,0.0013632302181126217,4.4770343381951095e-05
sulfate,0.001401555836156952,6.037552014483877e-05
sulfate,0.001440958933983467,8.113744524006155e-05
sulfate,0.0014814698036719883,0.00010866051453312767
sulfate,0.0015231195889286197,0.0001450147473736184
sulfate,0.0015659403090282184,0.0001928601805999629
sulfate,0.001609964883429985,0.0002556012386174055
sulfate,0.00165522715708509,0.0003375773702703924
sulfate,0.001701761926455794,0.00044429731087442437
sulfate,0.001749604966266066,0.0005827255111380976
sulfate,0.0017987930570042634,0.0007616305690339212
sulfate,0.0018493640131990174,0.000992006895237871
sulfate,0.001901356712490062,0.0012875823194004815
sulfate,0.0019548111255163563,0.001665425876103836
sulfate,0.0020097683466444734,0.002146671558158237
sulfate,0.0020662706255608855,0.0027573753409301928
sulfate,0.0021243613997524264,0.0035295242009286453
sulfate,0.0021840853278999053,0.004502217096049554
sulfate,0.0022454883242105403,0.005723038848671104
sulfate,0.002308617593715617,0.007249648464454527
sulfate,0.002373521668560483,0.009151603500786063
sulfate,0.002440250445314809,0.011512441525054163
sulfate,0.0025088552233317792,0.014432038315996544
sulfate,0.002579388744185696,0.018029260091985203
sulfate,0.0026519052322183418,0.022444923522091185
sulfate,0.0027264604362252443,0.027845072412198132
sulfate,0.0028031116723139043,0.034424573588501595
sulfate,0.002881917867966934,0.04241102646902707
sulfate,0.0029629396073439776,0.05206897099050599
sulfate,0.00304623917785724,0.06370436685077684
sulfate,0.003131880618056437,0.0776693033940818
sulfate,0.0032199297668599703,0.09436688393060515
sulfate,0.0033104543141701803,0.11425621094326584
sulfate,0.0034035238529115885,0.13785737968676048
sulfate,0.0034992099325321328,0.16575636742368882
sulfate,0.0035975861140085273,0.19860968438251453
sulfate,0.003698728026398035,0.2371486309975402
sulfate,0.003802713424980123,0.2821829847632137
sulfate,0.003909622251032712,0.3346039198907134
sulfate,0.004019536693288946,0.3953859447970169
sulfate,0.00413254125112177,0.4655876272949635
sulfate,0.004248722799504852,0.5463508662715082
sulfate,0.00436817065579981,0.6388984627894747
sulfate,0.004490976648421081,0.7445297440694072
sulfate,0.004617235187431232,0.864614001842514
sulfate,0.004747043337120964,1.0005815231376738
sulfate,0.00488050089062962,1.1539120175964812
sulfate,0.0050177104466635584,1.3261202815834119
sulfate,0.005158777488371392,1.5187389861250644
sulfate,0.005303810464436684,1.7332985331790294
sulfate,0.005452920872450489,1.9713039926346057
sulfate,0.005606223344627809,2.234209210090766
sulfate,0.005763835735933869,2.5233882616789325
sulfate,0.005925879214687955,2.8401045253580186
sulfate,0.006092478355714481,3.1854777360712294
sulfate,0.006263761236112875,3.5604494923178653
sulfate,0.0064398595337199415,3.965747781029785
sulfate,0.0066209086283403615,4.401851182763374
sulfate,0.006807047705823174,4.868953506461192
sulfate,0.006998419865064262,5.366929678598329
sulfate,0.007195172228017052,5.895303771552741
sulfate,0.007397456052796068,6.453220096867363
sulfate,0.0076054268499602465,7.039418307212062
sulfate,0.007819244502065423,7.652213443492163
sulfate,0.008039073386577892,8.289481828191489
sulfate,0.008265082502243537,8.948653641354651
sulfate,0.008497445599009699,9.626712920765462
sulfate,0.008736341311599614,10.32020560350249
sulfate,0.00898195329684216,11.025256073470095
sulfate,0.009234470374862466,11.73759250151034
sulfate,0.00949408667424193,12.452581065001803
sulfate,0.00976100178125924,13.16526891731029
sulfate,0.01003542089332712,13.870435549874292
sulfate,0.010317554976742787,14.562651957653037
sulfate,0.010607620928873369,15.236346789309085
sulfate,0.01090584174490098,15.885878444350322
sulfate,0.011212446689255619,16.50561187808227
sulfate,0.011527671471867736,17.08999869895889
sulfate,0.011851758429375907,17.633658998611658
sulfate,0.012184956711428958,18.13146324845411
sulfate,0.012527522472225746,18.578612533265527
sulfate,0.012879719067439878,18.970715375110352
sulfate,0.013241817256680718,19.303859432488323
sulfate,0.01361409541164635,19.574676440166204
sulfate,0.013996839730128528,19.780398883477865
sulfate,0.014390344456034106,19.91890707403893
sulfate,0.014794912105592136,19.98876550724872
sulfate,0.015210853699920495,19.9892476295536
sulfate,0.015638489004130843,19.920348417923222
sulfate,0.016078146773155777,19.78278446697226
sulfate,0.016530165004487077,19.577981581608842
sulfate,0.016994891198019405,19.308050175628903
sulfate,0.01747268262319923,18.975749069829654
sulfate,0.01796390659368432,18.584438558023127
sulfate,0.01846894074972493,18.13802385735763
sulfate,0.018988173348483864,17.640890273293984
sulfate,0.01952200356251848,17.09783158334715
sulfate,0.02007084178665424,16.513973272678278
sulfate,0.020635109953485574,15.89469233586513
sulfate,0.021215241857746737,15.24553539138545
sulfate,0.021811683489801947,14.572136838983116
sulfate,0.02242489337851123,13.8801387271959
sulfate,0.02305534294373547,13.175113892533396
sulfate,0.023703516858751817,12.462493787943888
sulfate,0.024369913422857915,11.747502242366798
sulfate,0.025055044944451495,11.035096192083444
sulfate,0.02575943813487976,10.329914205628306
sulfate,0.02648363451336144,9.63623339475401
sulfate,0.027228190823292704,8.957935071881149
sulfate,0.027993679460257048,8.298479286766288
sulfate,0.0287806889120682,7.660888158387248
sulfate,0.029589824211184265,7.047737718079076
sulfate,0.03042170739984098,6.461157801616766
sulfate,0.03127697800826169,5.9028393750124195
sulfate,0.03215629354631156,5.3740485539694225
sulfate,0.033060330008974154,4.875646481726035
sulfate,0.03398978239603881,4.408114164864683
sulfate,0.03494536524639847,3.9715813309574908
sulfate,0.03592781318736865,3.5658583641382453
sulfate,0.03693788149944987,3.1904703925286784
sulfate,0.03797634669696772,2.8446926419632543
sulfate,0.039044007125036945,2.5275862302492005
sulfate,0.04014168357330847,2.238033651564782
sulfate,0.041270219906971134,1.97477328771077
sulfate,0.04243048371549347,1.7364323779641513
sulfate,0.04362336697960391,1.5215579785877895
sulfate,0.04484978675702247,1.3286455432229143
sulfate,0.04611068588747095,1.156164853404087
sulfate,0.04740703371750364,1.0025831216779808
sulfate,0.04873982684571584,0.8663851761395912
sulfate,0.050110089888902976,0.7460907129704113
sulfate,0.0515188762697595,0.6402686716066662
sulfate,0.05296726902672286,0.5475488447801327
sulfate,0.05445638164658539,0.46663088258862945
sulfate,0.055987358920514096,0.39629088607387175
sulfate,0.05756137782413641,0.33538581194812117
sulfate,0.05917964842236853,0.282855926812993
sulfate,0.060843414799681965,0.23772555735548842
sulfate,0.06255395601652339,0.19910238362802837
sulfate,0.06431258709262314,0.16617551674487438
sulfate,0.06612066001794831,0.13821259131261568
sulfate,0.06797956479207762,0.11455608779842151
sulfate,0.06989073049279691,0.09461908191691851
sulfate,0.07185562637473727,0.07788059799282644
sulfate,0.07387576299889971,0.06388072203810759
sulfate,0.07595269339393543,0.05221560875672579
sulfate,0.07808801425007392,0.04253249552106587
sulfate,0.08028336714661694,0.034524816088086434
sulfate,0.08254043981394228,0.0279274878547033
sulfate,0.08486096743098695,0.022512429089577218
sulfate,0.08724673395920782,0.018084347016498175
sulfate,0.08969957351404495,0.014476823964965564
sulfate,0.09222137177494188,0.011548717069794616
sulfate,0.09481406743500724,0.00918087715264912
sulfate,0.09747965369143163,0.0072731843626292515
sulfate,0.10022017977780595,0.005741891761094242
sulfate,0.10303775253951902,0.004517263152534008
sulfate,0.10593453805344574,0.003541487918018808
sulfate,0.10891276329317079,0.002766853223495218
sulfate,0.11197471784102819,0.0021541525758458076
sulfate,0.11512275564827283,0.0016713091157217518
sulfate,0.11835929684473709,0.001292192109207303
sulfate,0.12168682959936394,0.0009956056858931106
sulfate,0.12510791203304678,0.000764429840253415
sulfate,0.12862517418524627,0.000584894954353679
sulfate,0.13224132003589667,0.00044597251761349785
sulfate,0.1359591295841553,0.00033886623453567317
sulfate,0.1397814609855939,0.00025658926004422784
sulfate,0.14371125274947455,0.00019361483420190636
sulfate,0.14775152599779937,0.0001455890657017584
sulfate,0.1519053867878708,0.00010909600937868605
sulfate,0.15617602850014778,8.146647880115401e-05
sulfate,0.16056673429323381,6.062321995733072e-05
sulfate,0.16508087962788448,4.495614131308067e-05
sulfate,0.16972193486197384,3.3222248933564586e-05
sulfate,0.17449346791841558,2.4465776288126964e-05
sulfate,0.17939914702808984,1.7954732684514877e-05
sulfate,0.18444274354988374,1.3130729577140516e-05
sulfate,0.1896281348700145,9.56948884590455e-06
sulfate,0.19495930738286332,6.949900592003221e-06
sulfate,0.20044035955561193,5.029889136680548e-06
sulfate,0.20607550507903805,3.6276735662427732e-06
sulfate,0.21186907610689149,2.607281688552771e-06
sulfate,0.21782552658634163,1.8674013753777806e-06
sulfate,0.22394943568205644,1.3328379781518598e-06
sulfate,0.2302455112965457,9.47997098358213e-07
sulfate,0.23671859368947423,6.719340050956164e-07
sea salt,0.07551873256414401,5.046260446984445e-37
sea salt,0.08550937947617705,2.7172632707152644e-33
sea salt,0.0968217252877002,9.196683006854134e-30
sea salt,0.10963062233773556,1.9565006512196313e-26
sea salt,0.1241340548151338,2.616356256474326e-23
sea salt,0.14055619895484875,2.199438287393929e-20
sea salt,0.15915088807867145,1.162444471703554e-17
sea salt,0.18020553603876485,3.863256808342294e-15
sea salt,0.20404557970776777,8.075609315253474e-13
sea salt,0.2310395091820198,1.0622484261389491e-10
sea salt,0.2616045634486074,8.798384629024291e-09
sea salt,0.2962131795528521,4.593779962220447e-07
sea salt,0.33540029494954615,1.514420640189646e-05
sea salt,0.3797716159087069,0.00031602873931305467
sea salt,0.43001297977870345,0.00419021438485891
sea salt,0.486900955817115,0.03548932962490352
sea salt,0.5513148484439336,0.19338991857955978
sea salt,0.62425028844865,0.6840240823589485
sea salt,0.7068346222273976,1.5851619361673903
sea salt,0.8003443369180685,2.425733544269454
sea salt,0.906224790769728,2.46077397892628
sea salt,1.0261125537141245,1.6524252581828445
sea salt,1.1618607034524018,0.7299057074372807
sea salt,1.315567468052826,0.21019311055924433
sea salt,1.4896086577816052,0.03909797784572708
sea salt,1.6866743874581847,0.004660079437815808
sea salt,1.9098106569440563,0.0003537089049342413
sea salt,2.1624664324651772,1.7020875137789946e-05
sea salt,2.448546956493213,5.177024890207497e-07
sea salt,2.7724741101842367,9.932646533120183e-09
sea salt,3.139254761383287,1.2005113796453764e-10
sea salt,3.554558154634223,9.1331001814446e-13
sea salt,4.0248035393945525,4.371068946565558e-15
sea salt,4.557259390904481,1.3156088630727543e-17
sea salt,5.160155757344439,2.48967253179638e-20
sea salt,5.842811469805378,2.9619318974499113e-23
sea salt,6.615778181327201,2.2150738739468328e-26
sea salt,7.491003461383796,1.0412579194416782e-29
sea salt,8.482015466728765,3.0765975492329065e-33
sea salt,9.604132043016822,5.713682390861638e-37
