,z,P,T,wv,wc,wi,S,rho
0.0,0.0,77500.0,274.0,0.005155258941162103,1.8138956523041045e-06,0.0,-0.02,0.9801370217906316
1.0,1.0,77490.38553377322,273.9902441421863,0.005155252221715389,1.820615099019054e-06,0.0,-0.019492711636438034,0.9800505106512274
2.0,2.0,77480.77191836422,273.98051221489806,0.005155234823936472,1.838012877937611e-06,0.0,-0.01898898239041632,0.9799639252301697
3.0,3.0,77471.15915441036,273.9707975962164,0.005155209702672582,1.8631341418246944e-06,0.0,-0.018487818680848186,0.9798772875819145
4.0,4.0,77461.54724235517,273.9610960766855,0.005155178736276617,1.8941005377901235e-06,0.0,-0.01798858890594644,0.9797906117263151
5.0,5.0,77451.93618253175,273.95140496542507,0.00515514312547902,1.9297113353853005e-06,0.0,-0.01749088939570942,0.9797039066258958
6.0,6.0,77442.32597520266,273.9417225403764,0.005155103638700678,1.9691981137258725e-06,0.0,-0.01699446194814505,0.9796171780167581
7.0,7.0,77432.71662058542,273.93204770915696,0.005155060763387085,2.0120734273200493e-06,0.0,-0.016499142945469385,0.9795304295380735
8.0,8.0,77423.10811886919,273.9223797973735,0.005155014800467347,2.058036347054677e-06,0.0,-0.01600483158758122,0.9794436634370911
9.0,9.0,77413.50047022612,273.91271841457393,0.0051549659241699065,2.106912644494177e-06,0.0,-0.015511469772967273,0.9793568810155779
10.0,10.0,77403.89367481897,273.90306336809397,0.00515491422046583,2.1586163485737975e-06,0.0,-0.01501902916689777,0.9792700829167553
11.0,11.0,77394.2877363649,273.8934146298515,0.005154859701886045,2.213134928356956e-06,0.0,-0.014527506094714378,0.9791832692806599
12.0,12.0,77384.6826479072,273.8837722050842,0.005154802366093305,2.270470721098139e-06,0.0,-0.014036902328142682,0.9790964400022677
13.0,13.0,77375.07841316522,273.87413625353264,0.0051547421418079,2.330695006504869e-06,0.0,-0.013547242542937012,0.9790095945964663
14.0,14.0,77365.47503230633,273.8645069716665,0.005154678941360564,2.3938954538399547e-06,0.0,-0.013058557130776602,0.9789227324112831
15.0,15.0,77355.87250550509,273.85488460815776,0.005154612653788537,2.46018302586802e-06,0.0,-0.012570884402723031,0.9788358526211195
16.0,16.0,77346.27083294476,273.84526945632854,0.005154543148204778,2.5296886096283097e-06,0.0,-0.012084269459290526,0.9787489542519184
17.0,17.0,77336.67001481882,273.8356618491211,0.005154470276043039,2.602560771367434e-06,0.0,-0.01159876343935324,0.9786620361979359
18.0,18.0,77327.07005133205,273.82606215580296,0.005154393872528101,2.6789642863065543e-06,0.0,-0.011114423030341295,0.9785750972327281
19.0,19.0,77317.47094270156,273.81647077990584,0.005154313757595097,2.7590792193124498e-06,0.0,-0.010631310164274047,0.978488136016036
20.0,20.0,77307.87268915819,273.80688815797555,0.005154229736447554,2.8431003668564627e-06,0.0,-0.010149491835693605,0.9784011510979711
21.0,21.0,77298.27529438412,273.797314793144,0.0051541415845768645,2.9312522375462148e-06,0.0,-0.009669045071739978,0.9783141408505697
22.0,22.0,77288.67875176758,273.78775111598577,0.005154049109851045,3.023726963366341e-06,0.0,-0.009190036352403968,0.9782271037578494
23.0,23.0,77279.08306502226,273.77819769748606,0.005153952057483779,3.1207793306333266e-06,0.0,-0.008712553140746551,0.9781400379666143
24.0,24.0,77269.48823444378,273.76865510404565,0.005153850174734522,3.2226620798916176e-06,0.0,-0.008236682417582273,0.97805294159601
25.0,25.0,77259.89426034645,273.7591239352955,0.005153743194034633,3.3296427797804114e-06,0.0,-0.00776251629345188,0.977965812654945
26.0,26.0,77250.30114306456,273.7496048246054,0.00515363083276041,3.4420040540021154e-06,0.0,-0.007290152092623468,0.9778786490404316
27.0,27.0,77240.70888295333,273.7400984396087,0.005153512792998933,3.5600438154804786e-06,0.0,-0.006819692439610072,0.9777914485358612
28.0,28.0,77231.11748039011,273.73060548269103,0.005153388761330196,3.6840754842191863e-06,0.0,-0.006351245340272987,0.9777042088094059
29.0,29.0,77221.52693577552,273.72112669142575,0.005153258408632576,3.8144281818395468e-06,0.0,-0.00588492425498471,0.9776169274126002
30.0,30.0,77211.93724953443,273.71166283881337,0.005153121389976069,3.95144683834533e-06,0.0,-0.005420848141814719,0.9775296017795714
31.0,31.0,77202.34842498017,273.70221478323026,0.0051529773223339785,4.095514480436534e-06,0.0,-0.004959148974986384,0.9774422290969957
32.0,32.0,77192.76045686343,273.69278326504417,0.005152825875337947,4.246961476464883e-06,0.0,-0.004499941156118311,0.9773548068363443
33.0,33.0,77183.17334855288,273.6833692193717,0.005152666631718053,4.4062050963583366e-06,0.0,-0.004043368589670101,0.977267331930083
34.0,34.0,77173.5871005821,273.67397356156164,0.005152499183025316,4.573653789097129e-06,0.0,-0.003589572391946707,0.9771798013408944
35.0,35.0,77164.00171351508,273.6645972416816,0.005152323105318451,4.7497314959617145e-06,0.0,-0.003138699103442132,0.977092211916576
36.0,36.0,77154.41718794705,273.6552412437123,0.005152137959523434,4.934877290977522e-06,0.0,-0.0026909005725273437,0.9770045603927507
37.0,37.0,77144.83352450537,273.6459065845287,0.005151943291888003,5.129544926408904e-06,0.0,-0.0022463338063958426,0.9769168433962907
38.0,38.0,77135.25072385081,273.6365943126777,0.005151738634527296,5.334202287116292e-06,0.0,-0.001805160790499461,0.9768290574494211
39.0,39.0,77125.66878667836,273.6273055069983,0.005151523506039371,5.549330775040641e-06,0.0,-0.0013675482836663802,0.9767411989743434
40.0,40.0,77116.08771371827,273.6180412751841,0.005151297412146643,5.775424667768529e-06,0.0,-0.0009336676038606437,0.9766532642980551
41.0,41.0,77106.50750630118,273.60880276983056,0.005151059838535512,6.012998278901663e-06,0.0,-0.0005036970738442922,0.976565249606157
42.0,42.0,77096.92816410243,273.59959111773424,0.005150810282404294,6.2625544101191585e-06,0.0,-7.78112669881849e-05,0.9764771511494661
43.0,43.0,77087.34968852697,273.59040752590664,0.005150548205157598,6.524631656817123e-06,0.0,0.00034380285732975215,0.9763889649343055
44.0,44.0,77077.77208045477,273.581253213705,0.005150273062691079,6.799774123335362e-06,0.0,0.0007609562761763806,0.9763006869197137
45.0,45.0,77068.19534080567,273.57212943950464,0.00514998429348983,7.088543324585884e-06,0.0,0.001173453835872099,0.9762123129359153
46.0,46.0,77058.6194705409,273.56303752163234,0.005149681309287088,7.391527527328282e-06,0.0,0.0015810910489934612,0.9761238386147564
47.0,47.0,77049.0444706656,273.5539788853102,0.005149363474117032,7.709362697384865e-06,0.0,0.0019836469124883925,0.9760352592336529
48.0,48.0,77039.47034223385,273.5449551650309,0.0051490300586327495,8.04277818166731e-06,0.0,0.002380868242369111,0.9759465693752558
49.0,49.0,77029.89708635841,273.5359684221296,0.005148680143020746,8.392693793670333e-06,0.0,0.002772436371293368,0.9758577622041323
50.0,50.0,77020.32470423097,273.527021587925,0.005148312419261329,8.760417553086666e-06,0.0,0.0031578992952983977,0.9757688279935764
51.0,51.0,77010.75319729108,273.5181193124897,0.005147924812388858,9.148024425559189e-06,0.0,0.0035365416555524936,0.9756797513057113
52.0,52.0,77001.18256678885,273.5092693474504,0.005147513863455319,9.558973359098922e-06,0.0,0.00390717280297812,0.9755905063885676
53.0,53.0,76991.61281468824,273.500484647912,0.005147073791604904,9.999045209512314e-06,0.0,0.0042678044286925615,0.9755010501999676
54.0,54.0,76982.04394335939,273.4917856868857,0.005146595461325064,1.0477375489351764e-05,0.0,0.00461529519773228,0.9754113147108077
55.0,55.0,76972.4759559836,273.4832023438649,0.005146065539721892,1.1007297092521589e-05,0.0,0.004945060112877297,0.9753212006352345
56.0,56.0,76962.90885686921,273.47477429525867,0.005145466322299942,1.1606514514469853e-05,0.0,0.005251009111934337,0.9752305761427847
57.0,57.0,76953.34265174449,273.46654910576655,0.00514477658463326,1.229625218115254e-05,0.0,0.005525838153455323,0.9751392832155488
58.0,58.0,76943.77734794715,273.4585778011673,0.0051439735578855525,1.3099278928863216e-05,0.0,0.005761707131818905,0.9750471523776549
59.0,59.0,76934.21295443614,273.45090845845493,0.005143035789033703,1.4037047780708748e-05,0.0,0.005951223062029605,0.9749540240119476
60.0,60.0,76924.64948157959,273.44357907173224,0.00514194632426462,1.5126512549793276e-05,0.0,0.0060885358096589865,0.9748597720767008
61.0,61.0,76915.08694079984,273.4366112819204,0.005140695506918394,1.6377329896019637e-05,0.0,0.006170302535152195,0.9747643249413739
62.0,62.0,76905.52534366699,273.43000647819787,0.005139282717112839,1.7790119701575116e-05,0.0,0.006196288897577588,0.974667678322178
63.0,63.0,76895.96470165504,273.4237451295023,0.0051377166700418645,1.9356166772547716e-05,0.0,0.006169474265078694,0.9745698974817365
64.0,64.0,76886.40502537608,273.41779750525916,0.0051360106321486545,2.106220466575656e-05,0.0,0.006094407957490021,0.9744710815679009
65.0,65.0,76876.8463241379,273.41211324133724,0.005134187077027631,2.288575978678013e-05,0.0,0.005978811854509698,0.9743713982602915
66.0,66.0,76867.28860545256,273.406634547354,0.005132271792031758,2.480104478265373e-05,0.0,0.0058315529796303875,0.9742710398505424
67.0,67.0,76857.731874984,273.40130602661696,0.005130289496396176,2.6783340418234343e-05,0.0,0.005661134867317449,0.9741701906014403
68.0,68.0,76848.17613668782,273.39607790739853,0.00512826239937187,2.8810437442540182e-05,0.0,0.00547520027141019,0.9740690160128269
69.0,69.0,76838.62139301594,273.3909072193334,0.005126209675290711,3.086316152369797e-05,0.0,0.005280349540743392,0.9739676589212674
70.0,70.0,76829.06764514423,273.3857580975688,0.005124147327846983,3.292550896742371e-05,0.0,0.005082093140804508,0.9738662385006963
71.0,71.0,76819.51489367762,273.3806015635115,0.00512208828793294,3.498454888146843e-05,0.0,0.004884884702195208,0.9737648510091628
72.0,72.0,76809.96313695778,273.37541511611045,0.005120042596017633,3.7030240796775954e-05,0.0,0.00469218352541979,0.9736635711338959
73.0,73.0,76800.41237412461,273.37018190125406,0.005118017772780226,3.9055064034181574e-05,0.0,0.004506581595827514,0.9735624547984637
74.0,74.0,76790.86260337842,273.36489003621915,0.005116019120555776,4.105371625863417e-05,0.0,0.00432990728472174,0.9734615413914646
75.0,75.0,76781.31382260515,273.35953179367436,0.005114050087451262,4.3022749363147885e-05,0.0,0.004163350489030886,0.9733608564908629
76.0,76.0,76771.76602949866,273.3541028431808,0.005112112605804784,4.4960231009625745e-05,0.0,0.004007579033927072,0.9732604143893762
77.0,77.0,76762.21922165887,273.3486015542421,0.0051102074031800886,4.686543363432025e-05,0.0,0.003862845663169307,0.9731602204137957
78.0,78.0,76752.67339666918,273.34302837611324,0.00510833427910959,4.873855770481961e-05,0.0,0.0037290832701228406,0.9730602729879646
79.0,79.0,76743.12855215468,273.33738530601374,0.005106492342389555,5.0580494424852995e-05,0.0,0.00360598657511965,0.9729605654009872
80.0,80.0,76733.5846858247,273.3316754413115,0.0051046802109055945,5.239262590881329e-05,0.0,0.003493080922514509,0.9728610872956385
81.0,81.0,76724.0417965248,273.32590255769384,0.005102896199862198,5.4176636952208816e-05,0.0,0.0033897870242543446,0.9727618260828914
82.0,82.0,76714.49988016355,273.32007104513474,0.005101138350355263,5.593448645914285e-05,0.0,0.0032954311269436597,0.9726627671021493
83.0,83.0,76704.9589358636,273.314185324052,0.005099404689896145,5.766814691826059e-05,0.0,0.0032093342916569424,0.9725638956385242
84.0,84.0,76695.41896186968,273.3082499162578,0.005097693200751928,5.937963606247982e-05,0.0,0.0031308018266409682,0.9724651966342206
85.0,85.0,76685.87995657211,273.30226925336507,0.005096001905438208,6.107093137619982e-05,0.0,0.0030591526882062206,0.9723666553372714
86.0,86.0,76676.34191850209,273.2962475862136,0.0050943289071358755,6.274392967853226e-05,0.0,0.002993733434527368,0.9722682576016176
87.0,87.0,76666.80484632499,273.2901889243243,0.005092672416707761,6.440042010664667e-05,0.0,0.002933927563998914,0.9721699900874674
88.0,88.0,76657.26873883168,273.28409699895934,0.00509103076918165,6.604206763275568e-05,0.0,0.0028791612239728514,0.9720718403832865
89.0,89.0,76647.73359492928,273.2779752443262,0.005089402432137878,6.767040467652757e-05,0.0,0.002828906128684529,0.971973797067586
90.0,90.0,76638.19941363121,273.27182679238774,0.005087786008025073,6.928682878933279e-05,0.0,0.002782680382746208,0.9718758497255827
91.0,91.0,76628.66619765294,273.26565440727586,0.0050861802634260996,7.089257338830546e-05,0.0,0.0027400582943340685,0.9717779892129181
92.0,92.0,76619.13393897626,273.25946079540495,0.0050845839906787935,7.248884613561046e-05,0.0,0.002700623880263872,0.9716802064397085
93.0,93.0,76609.60264048743,273.2532481446222,0.005082996213516982,7.40766232974233e-05,0.0,0.002664040004367917,0.9715824941790258
94.0,94.0,76600.0723015316,273.24701848404675,0.005081416026502721,7.565681031168428e-05,0.0,0.0026299942109942747,0.9714848456860098
95.0,95.0,76590.54292151575,273.24077361270025,0.005079842626872466,7.723020994193904e-05,0.0,0.0025982094255898266,0.9713872549809899
96.0,96.0,76581.01449990172,273.23451512043215,0.005078275305200102,7.879753161430265e-05,0.0,0.0025684407459251094,0.9712897167797732
97.0,97.0,76571.48703619975,273.22824440851286,0.005076713436207697,8.035940060670828e-05,0.0,0.002540472282105933,0.971192226425072
98.0,98.0,76561.96052996267,273.2219627094585,0.005075156469918981,8.191636689542332e-05,0.0,0.002514114112636175,0.9710947798205214
99.0,99.0,76552.43498078076,273.2156711056042,0.005073603923372194,8.346891344221081e-05,0.0,0.002489199431955959,0.9709973733688775
100.0,100.0,76542.91038827726,273.20937054626904,0.005072055372959954,8.501746385445203e-05,0.0,0.002465581912639406,0.970900003914924
101.0,101.0,76533.38675680204,273.2030618290723,0.005070510462766856,8.65623740475504e-05,0.0,0.0024431381799770668,0.9708026688681779
102.0,102.0,76523.86407663558,273.19674575624504,0.005068968834819534,8.810400199487247e-05,0.0,0.002421745369151867,0.970705365440811
103.0,103.0,76514.3423521762,273.19042292899394,0.005067430220846258,8.964261596814839e-05,0.0,0.002401310362423224,0.9706080916948686
104.0,104.0,76504.82158314262,273.18409390864446,0.005065894370371184,9.117846644322243e-05,0.0,0.0023817465929526255,0.9705108457642049
105.0,105.0,76495.3017692707,273.17775918799896,0.005064361063494746,9.27117733196617e-05,0.0,0.002362978053123804,0.9704136260102928
106.0,106.0,76485.78291031132,273.1714192004869,0.005062830106811238,9.424273000316829e-05,0.0,0.002344937886151641,0.9703164309918201
107.0,107.0,76476.2650060285,273.1650743280017,0.005061301329911295,9.577150690310681e-05,0.0,0.002327567179222511,0.9702192594386518
108.0,108.0,76466.74805619796,273.15872490774893,0.005059774582326336,9.729825448806346e-05,0.0,0.0023108139088996098,0.9701221102290797
109.0,109.0,76457.2320606057,273.1523712382035,0.005058249730870198,9.882310594419886e-05,0.0,0.0022946320234212792,0.9700249823700344
110.0,110.0,76447.71701904683,273.14601358427694,0.005056726657333432,0.00010034617948096353,0.0,0.002278980646572098,0.9699278749799197
111.0,111.0,76438.20293487437,273.13965216998866,0.005055205261753642,0.00010186757506075268,0.0,0.0022638248944152105,0.9698307873589409
112.0,112.0,76428.68980079786,273.13328723138864,0.005053685438800025,0.00010338739801436965,0.0,0.0022491289688363948,0.9697337186293989
113.0,113.0,76419.17762018538,273.12691894307227,0.005052167110564321,0.00010490572625007283,0.0,0.0022348656103423317,0.9696366682556485
114.0,114.0,76409.66639285968,273.12054747475133,0.005050650201317309,0.0001064226354970866,0.0,0.00222100862562278,0.9695396356722937
115.0,115.0,76400.15611864881,273.11417297952875,0.005049134642741073,0.0001079381940733208,0.0,0.002207534383451036,0.9694426203691103
116.0,116.0,76390.64679738547,273.10779559601406,0.005047620372984962,0.00010945246382943178,0.0,0.002194421488389828,0.9693456218840173
117.0,117.0,76381.13842890662,273.10141545013926,0.005046107335855259,0.00011096550095913647,0.0,0.0021816505007005065,0.9692486397970498
118.0,118.0,76371.6310130531,273.09503265672294,0.0050445954801175,0.00011247735669689584,0.0,0.002169203695140298,0.969151673725166
119.0,119.0,76362.12454966958,273.0886473208063,0.0050430847588998256,0.00011398807791457111,0.0,0.0021570648546951317,0.9690547233178133
120.0,120.0,76352.61903860376,273.0822595387904,0.005041575129186043,0.0001154977076283542,0.0,0.002145219095304554,0.9689577882531467
121.0,121.0,76343.11448255446,273.0758693930559,0.005040066554215916,0.00011700628259848174,0.0,0.0021336534426792198,0.9688608682928239
122.0,122.0,76333.61087567867,273.0694769790187,0.005038558991412954,0.00011851384540144416,0.0,0.002122353669812836,0.9687639630444658
123.0,123.0,76324.10822068085,273.0630823656367,0.005037052410006505,0.00012002042680789287,0.0,0.0021113088738260884,0.968667072314337
124.0,124.0,76314.60651741967,273.0566856234222,0.005035546778532385,0.00012152605828201017,0.0,0.002100508164034861,0.9685701958666425
125.0,125.0,76305.10576575605,273.0502868181271,0.005034042067650733,0.000123030769163661,0.0,0.0020899413840023418,0.9684733334814151
126.0,126.0,76295.60596555263,273.04388601113857,0.005032538249969198,0.00012453458684519785,0.0,0.0020795990504181624,0.9683764849531982
127.0,127.0,76286.10711667415,273.0374832598978,0.00503103529985626,0.00012603753695813324,0.0,0.0020694722885508643,0.9682796500896571
128.0,128.0,76276.6092189872,273.0310786182693,0.00502953319327625,0.00012753964353814576,0.0,0.0020595527751845217,0.9681828287103544
129.0,129.0,76267.1122723601,273.0246721368633,0.005028031907645811,0.0001290409291685871,0.0,0.0020498326890071895,0.9680860206456781
130.0,130.0,76257.61627666268,273.0182638633123,0.005026531421710275,0.00013054141510412224,0.0,0.00204030466786266,0.9679892257359185
131.0,131.0,76248.12123602952,273.01185383538615,0.005025031718616089,0.00013204111819830938,0.0,0.0020309624913072955,0.967892443909432
132.0,132.0,76238.62714180643,273.00544211042387,0.0050235327727770175,0.0001335400640373805,0.0,0.002021798057570075,0.9677956748637229
133.0,133.0,76229.13399813136,272.9990287206803,0.0050220345698004125,0.00013503826701398536,0.0,0.002012805997744331,0.9676989185454888
134.0,134.0,76219.64180487995,272.99261370418634,0.005020537092715957,0.0001365357440984401,0.0,0.0020039804300382145,0.9676021748269742
135.0,135.0,76210.15056192882,272.9861970970106,0.005019040325429092,0.00013803251138530436,0.0,0.001995315775253511,0.9675054435869502
136.0,136.0,76200.66026915572,272.9797789333968,0.005017544252659482,0.00013952858415491306,0.0,0.001986806735518426,0.9674087247102637
137.0,137.0,76191.1709264396,272.9733592458931,0.005016048859883392,0.0001410239769310012,0.0,0.0019784482743745273,0.9673120180874066
138.0,138.0,76181.6825336604,272.9669380654699,0.005014554133281117,0.00014251870353327656,0.0,0.0019702355986049476,0.9672153236141221
139.0,139.0,76172.19509069907,272.96051542162536,0.005013060059689987,0.00014401277712440484,0.0,0.0019621641420041877,0.9671186411910562
140.0,140.0,76162.70859743751,272.9540913424776,0.00501156662656301,0.00014550621025138013,0.0,0.0019542295510852716,0.967021970723449
141.0,141.0,76153.22305924166,272.9476658473715,0.00501007382526816,0.00014699901154623189,0.0,0.0019464283360737604,0.9669253122168288
142.0,142.0,76143.73846502825,272.9412389774782,0.0050085816374339205,0.00014849119938047177,0.0,0.0019387551077392103,0.9668286653908331
143.0,143.0,76134.25482016531,272.93481074910454,0.005007090055783739,0.00014998278103065356,0.0,0.0019312068460739336,0.9667320302610921
144.0,144.0,76124.77212453839,272.9283811857238,0.005005599069843462,0.0001514737669709331,0.0,0.0019237799136764527,0.9666354067483197
145.0,145.0,76115.29037803352,272.92195030978394,0.005004108669596134,0.00015296416721826003,0.0,0.0019164708311711475,0.9665387947766418
146.0,146.0,76105.80958053746,272.9155181427825,0.005002618845449217,0.0001544539913651758,0.0,0.001909276265834561,0.9664421942733483
147.0,147.0,76096.32973193767,272.9090847053205,0.005001129588210046,0.00015594324860434744,0.0,0.0019021930231202212,0.9663456051687174
148.0,148.0,76086.85083212223,272.9026500171538,0.004999640889063142,0.00015743194775125042,0.0,0.001895218038819443,0.9662490273958405
149.0,149.0,76077.37288097992,272.89621409723895,0.004998152739549636,0.00015892009726475647,0.0,0.0018883483719527416,0.9661524608904747
150.0,150.0,76067.89587840022,272.8897769637745,0.004996665131548854,0.0001604077052655379,0.0,0.0018815811984138554,0.9660559055909027
151.0,151.0,76058.41983086058,272.88333862652826,0.004995178060702369,0.00016189477611202238,0.0,0.0018749144047560352,0.9659593615489028
152.0,152.0,76048.94472507604,272.87689911825106,0.004993691512395777,0.000163381324418615,0.0,0.0018683441004536173,0.965862828483467
153.0,153.0,76039.47056752491,272.87045844674867,0.004992205483146215,0.00016486735366817642,0.0,0.0018618684762827737,0.965766306452887
154.0,154.0,76029.99735809951,272.86401662762154,0.004990719965992171,0.00016635287082222055,0.0,0.0018554851085732533,0.9656697954041129
155.0,155.0,76020.52509669196,272.8575736758653,0.004989234954242546,0.000167837882571847,0.0,0.0018491916672267721,0.9655732952860996
156.0,156.0,76011.05378319482,272.8511296059168,0.004987750441455116,0.00016932239535927596,0.0,0.0018429859081760388,0.9654768060496647
157.0,157.0,76001.58341750117,272.84468443168436,0.004986266421423737,0.00017080641539065635,0.0,0.001836865668958092,0.9653803276473873
158.0,158.0,75992.11399950454,272.8382381665734,0.004984782888166569,0.0001722899486478236,0.0,0.001830828864649387,0.9652838600335232
159.0,159.0,75982.6455290989,272.8317908235108,0.004983299835915381,0.0001737730008990108,0.0,0.001824873484166962,0.9651874031639223
160.0,160.0,75973.17800617864,272.8253424149664,0.004981817259105853,0.00017525557770853975,0.0,0.0018189975869212266,0.9650909569959588
161.0,161.0,75963.71143801638,272.8188929452727,0.004980335155804717,0.0001767376810096754,0.0,0.0018131998249930124,0.9649945216098065
162.0,162.0,75954.24580975197,272.81244244185274,0.0049788535137751996,0.00017821932303919391,0.0,0.00180747727503509,0.9648980967216648
163.0,163.0,75944.78112865731,272.80599090774,0.004977372331663633,0.000179700505150761,0.0,0.0018018287911087643,0.9648016824160003
164.0,164.0,75935.31739462957,272.7995383538064,0.004975891604618774,0.0001811812321956212,0.0,0.0017962526789882876,0.9647052786555311
165.0,165.0,75925.85460756502,272.7930847905574,0.004974411327952868,0.00018266150886152692,0.0,0.0017907473010960618,0.9646088854041804
166.0,166.0,75916.39276736032,272.78663022814806,0.004972931497134515,0.000184141339679881,0.0,0.001785311073925938,0.9645125026270406
167.0,167.0,75906.93187391246,272.7801746763992,0.004971452107781485,0.0001856207290329106,0.0,0.0017799424655621837,0.9644161302903187
168.0,168.0,75897.47192711869,272.7737181448121,0.004969973155654049,0.000187099681160346,0.0,0.001774639993370277,0.9643197683612863
169.0,169.0,75888.01292687669,272.76726064258287,0.004968494636648735,0.00018857820016566208,0.0,0.0017694022218390298,0.9642234168082341
170.0,170.0,75878.55487308436,272.7608021786156,0.004967016546792464,0.0001900562900219316,0.0,0.0017642277605574362,0.9641270756004254
171.0,171.0,75869.09777424906,272.75434275337676,0.004965538885876834,0.0001915339509375621,0.0,0.0017591157450260984,0.9640307448469275
172.0,172.0,75859.64161305153,272.7478823919328,0.00496406164271673,0.0001930111940976672,0.0,0.0017540638413215905,0.9639344242397997
173.0,173.0,75850.18639799737,272.74142109372036,0.004962584817563614,0.00019448801925078357,0.0,0.0017490713458901072,0.9638381138914917
174.0,174.0,75840.73212898748,272.7349588666258,0.0049611084068982795,0.00019596442991611933,0.0,0.0017441370250395752,0.9637418137746879
175.0,175.0,75831.27880592117,272.7284957182826,0.00495963240731452,0.00019744042949987903,0.0,0.0017392596843813627,0.96364552386289
176.0,176.0,75821.82642869803,272.7220316560916,0.0049581568155100016,0.000198916021304398,0.0,0.0017344381654704596,0.9635492441303775
177.0,177.0,75812.37499721786,272.7155666872306,0.004956681628281735,0.000200391208532663,0.0,0.001729671344240072,0.9634529745521735
178.0,178.0,75802.9245113807,272.7091008186645,0.004955206842521893,0.00020186599429250555,0.0,0.0017249581295501277,0.9633567151040094
179.0,179.0,75793.47497108688,272.7026340571535,0.004953732455213901,0.00020334038160049842,0.0,0.001720297461838742,0.9632604657623026
180.0,180.0,75784.02637623688,272.6961664092615,0.0049522584634288025,0.00020481437338559793,0.0,0.0017156883118623126,0.9631642265041229
181.0,181.0,75774.5787338201,272.68969787511355,0.004950784867110837,0.00020628796970356415,0.0,0.0017111300032356708,0.9630679974199813
182.0,182.0,75765.1320295592,272.68322847367034,0.0049493116577992765,0.00020776117901512395,0.0,0.0017066208743229169,0.962971778261673
183.0,183.0,75755.68627044499,272.6767582043597,0.004947838835749488,0.00020923400106491317,0.0,0.0017021603575714892,0.9628755691220321
184.0,184.0,75746.24145637886,272.67028707305707,0.004946366398339636,0.00021070643847476486,0.0,0.0016977475299409673,0.9627793699804283
185.0,185.0,75736.7975872624,272.6638150854649,0.0049448943430252055,0.00021217849378919515,0.0,0.0016933814951879905,0.9626831808168079
186.0,186.0,75727.35466299731,272.65734224712565,0.0049434226673330025,0.00021365016948139852,0.0,0.0016890613817636877,0.9625870016116497
187.0,187.0,75717.91268348564,272.6508685634287,0.004941951368858245,0.0002151214679561562,0.0,0.0016847863418051876,0.962490832345946
188.0,188.0,75708.47164862945,272.6443940396157,0.0049404804452618765,0.00021659239155252596,0.0,0.0016805555502039068,0.9623946730011793
189.0,189.0,75699.03155833104,272.6379186807871,0.004939009894268064,0.00021806294254633838,0.0,0.0016763682037410682,0.9622985235593043
190.0,190.0,75689.5924124929,272.6314424919065,0.004937539713661873,0.0002195331231525294,0.0,0.001672223520280175,0.9622023840027336
191.0,191.0,75680.15421809904,272.62496547190875,0.004936069903918619,0.00022100293289578242,0.0,0.001668121006136483,0.9621062544258777
192.0,192.0,75670.71696088834,272.61848763752494,0.004934600457572447,0.00022247237924195694,0.0,0.0016640593462328589,0.9620101345881147
193.0,193.0,75661.28064784623,272.6120089871482,0.004933131375340572,0.00022394146147383266,0.0,0.0016600381317446043,0.9619140245856627
194.0,194.0,75651.845278876,272.60552952525956,0.004931662655223302,0.0002254101815911037,0.0,0.0016560566549944184,0.9618179244025468
195.0,195.0,75642.41085388098,272.59904925622163,0.004930194295274039,0.0002268785415403673,0.0,0.0016521142267152888,0.9617218340231869
196.0,196.0,75632.97737276455,272.59256818428247,0.004928726293597057,0.0002283465432173499,0.0,0.0016482101752658897,0.9616257534323832
197.0,197.0,75623.54483543032,272.58608631358146,0.00492725864834547,0.00022981418846893892,0.0,0.0016443438459251762,0.9615296826152997
198.0,198.0,75614.11324178206,272.579603648152,0.004925791357719343,0.0002312814790950653,0.0,0.0016405146002385596,0.9614336215574542
199.0,199.0,75604.68259172358,272.57312019192636,0.004924324419964026,0.00023274841685038176,0.0,0.0016367218154365462,0.9613375702447018
200.0,200.0,75595.25288515893,272.56663594873896,0.004922857833368554,0.00023421500344585392,0.0,0.0016329648838832515,0.9612415286632245
201.0,201.0,75585.82416915611,272.56015088419707,0.004921391613279705,0.00023568122353470158,0.0,0.001629244812441398,0.9611454975388225
202.0,202.0,75576.39639644367,272.5536650416244,0.004919925740365488,0.0002371470964489192,0.0,0.0016255591773991485,0.9610494761137841
203.0,203.0,75566.96956692611,272.54717842417784,0.0049184602132171665,0.00023861262359724025,0.0,0.0016219074771513795,0.9609534643765352
204.0,204.0,75557.5436805079,272.54069103503934,0.0049169950304150155,0.00024007780639938867,0.0,0.0016182892059375526,0.960857462315421
205.0,205.0,75548.11873709376,272.53420287738993,0.004915530190539487,0.0002415426462749177,0.0,0.0016147038577725495,0.9607614699187963
206.0,206.0,75538.69473658847,272.5277139543861,0.004914065692182129,0.0002430071446322759,0.0,0.0016111509303548131,0.9606654871750991
207.0,207.0,75529.27167889696,272.521224269162,0.004912601533944379,0.0002444713028700245,0.0,0.0016076299245298856,0.9605695140728467
208.0,208.0,75519.8495639242,272.5147338247796,0.0049111377144599655,0.0002459351223544372,0.0,0.001604140352481798,0.960473550600796
209.0,209.0,75510.42839157536,272.5082426242653,0.004909674232378357,0.0002473986044360471,0.0,0.0016006817316385638,0.9603775967478251
210.0,210.0,75501.00815861017,272.5017506730869,0.0049082110852597316,0.00024886175155467506,0.0,0.0015972534889711842,0.9602816524538412
211.0,211.0,75491.58883117636,272.49525800034127,0.00490674826012051,0.0002503245766938971,0.0,0.0015938541945302708,0.960185717182557
212.0,212.0,75482.17043902619,272.4887645844687,0.00490528576658103,0.0002517870702333767,0.0,0.001590484447622437,0.9600897913922273
213.0,213.0,75472.75298913325,272.4822704229881,0.0049038236057484565,0.0002532492310659482,0.0,0.0015871439709945387,0.9599938751818637
214.0,214.0,75463.33648140305,272.4757755189059,0.004902361776281143,0.00025471106053326343,0.0,0.0015838322840014156,0.9598979685404273
215.0,215.0,75453.92091574136,272.4692798750902,0.004900900276899334,0.00025617255991507273,0.0,0.0015805489277426561,0.9598020714573379
216.0,216.0,75444.50629205398,272.46278349429673,0.004899439106373403,0.00025763373044100543,0.0,0.0015772934608804545,0.9597061839223889
217.0,217.0,75435.09261024682,272.4562863791856,0.004897978263516338,0.0002590945732980722,0.0,0.0015740654569862756,0.9596103059256895
218.0,218.0,75425.67987022593,272.44978853233386,0.004896517747178191,0.00026055508963621803,0.0,0.0015708645025782934,0.9595144374576269
219.0,219.0,75416.26807189737,272.4432899562448,0.004895057556241949,0.0002620152805724602,0.0,0.0015676901956598523,0.9594185785088322
220.0,220.0,75406.85721516734,272.4367906533549,0.004893597689620396,0.0002634751471940119,0.0,0.0015645421446178343,0.95932272907016
221.0,221.0,75397.447307002,272.43029062078926,0.004892138148596332,0.0002649346882180751,0.0,0.00156142013219655,0.9592268892418445
222.0,222.0,75388.03833318695,272.4237898715023,0.004890678927389283,0.00026639390942512404,0.0,0.001558323433713788,0.9591310587963245
223.0,223.0,75378.63030068956,272.4172884023299,0.004889220027411081,0.0002678528094033276,0.0,0.0015552518775808167,0.9590352378348019
224.0,224.0,75369.22320941633,272.4107862154987,0.004887761447668206,0.0002693113891462026,0.0,0.0015522051046974344,0.9589394263488319
225.0,225.0,75359.81705927393,272.40428331318054,0.004886303187191542,0.00027076964962286843,0.0,0.0015491827644713858,0.9588436243301527
226.0,226.0,75350.41185016904,272.39777969749787,0.0048848452450340075,0.00027222759178040066,0.0,0.001546184513972011,0.9587478317706669
227.0,227.0,75341.00758200843,272.3912753705258,0.004883387620269516,0.0002736852165448923,0.0,0.0015432100175579362,0.9586520486624358
228.0,228.0,75331.60425469893,272.38477033429507,0.004881930311992059,0.0002751425248223478,0.0,0.0015402589465641427,0.9585562749976679
229.0,229.0,75322.20186814752,272.3782645907925,0.004880473319314956,0.0002765995174994491,0.0,0.0015373309790343707,0.9584605107687196
230.0,230.0,75312.80042226118,272.3717581419636,0.004879016641370179,0.000278056195444227,0.0,0.0015344257994870257,0.9583647559680855
231.0,231.0,75303.39992399987,272.36525098459754,0.004877560279590446,0.00027951255722396195,0.0,0.0015315432417001922,0.9582690106970474
232.0,232.0,75294.0003591639,272.3587431309099,0.004876104228524881,0.00028096860828952686,0.0,0.0015286826975000078,0.9581732747306597
233.0,233.0,75284.60173471442,272.35223457745724,0.004874648489709956,0.0002824243471044518,0.0,0.0015258440374949379,0.9580775481709854
234.0,234.0,75275.20405055876,272.34572532604244,0.0048731930623412524,0.00028387977447315624,0.0,0.0015230269682148508,0.9579818310109965
235.0,235.0,75265.80730660426,272.3392153784271,0.004871737945632666,0.00028533489118174194,0.0,0.001520231202583886,0.9578861232438023
236.0,236.0,75256.41150275832,272.33270473633587,0.004870283138814737,0.00028678969799967083,0.0,0.0015174564593107185,0.9577904248626358
237.0,237.0,75247.01663892841,272.32619340145715,0.004868828641133953,0.000288244195680456,0.0,0.001514702462646286,0.9576947358608502
238.0,238.0,75237.62271502212,272.31968137544527,0.004867374451852155,0.0002896983849622531,0.0,0.0015119689421767251,0.9575990562319144
239.0,239.0,75228.22973094703,272.31316865992113,0.004865920570246033,0.00029115226656837635,0.0,0.0015092556326434092,0.9575033859694076
240.0,240.0,75218.83768661084,272.3066552564735,0.004864466995606653,0.00029260584120775675,0.0,0.0015065622737830268,0.957407725067017
241.0,241.0,75209.44662889747,272.3001411329296,0.00486301374229023,0.00029405909452417863,0.0,0.0015038895005139567,0.9573120742411574
242.0,242.0,75200.056510727,272.29362632539744,0.00486156079418459,0.00029551204262981987,0.0,0.0015012360348985198,0.9572164327601751
243.0,243.0,75190.66733200727,272.2871108351305,0.004860108150730292,0.0002969646860841188,0.0,0.0014986016696546148,0.9571208006188635
244.0,244.0,75181.27909264628,272.2805946634269,0.004858655811348224,0.0002984170254661858,0.0,0.0014959861903544429,0.9570251778118707
245.0,245.0,75171.89179255202,272.27407781160736,0.004857203775449042,0.0002998690613653675,0.0,0.0014933893787934373,0.9569295643337731
246.0,246.0,75162.50543163253,272.2675602810008,0.004855752042439698,0.0003013207943747117,0.0,0.0014908110153257017,0.9568339601791218
247.0,247.0,75153.12000979585,272.2610420729398,0.004854300611725557,0.0003027722250888504,0.0,0.0014882508795742329,0.9567383653424567
248.0,248.0,75143.73552695019,272.2545231887359,0.004852849482721452,0.0003042233540929553,0.0,0.0014857087545215788,0.9566427798183901
249.0,249.0,75134.35198300373,272.24800362969467,0.004851398654844717,0.0003056741819696872,0.0,0.0014831844238854688,0.9565472036015547
